file,duration_s,distance_m,speed_min,speed_max,speed_mean
VM2_703310552,263.0,1458.722817175754,0.0,11.253086734268921,5.483270771560675
VM2_-1357295561,1909.0,13183.258817289214,0.0,19.94343311787103,4.175761680451012
VM2_-395604816,1341.0,7147.449379776153,0.001585578124949574,8.34370031180801,5.315788169093624
VM2_445457680,2356.0,8840.004948329097,0.0,7.029147987347479,3.746086018724355
VM2_206022619,405.0,1734.5997846748205,0.07595150415770964,5.835874636366025,4.243893129468671
VM2_-112762368,1004.0,6066.011747100974,0.0,27.749632689435533,6.015661738746307
VM2_1227204607,1088.708,4823.423673478148,0.0,12.588843712441275,4.402990025524809
VM2_-8193013,1416.0,7954.921246585045,0.0,11.967705892502742,5.579497605935511
VM2_-1702742717,2263.0,8954.614376930773,0.0,7.726641197450097,3.9503141357628673
VM2_-1288729317,605.0,2743.124884515658,0.10908958600725657,13.380904220400156,4.524271674937034
VM2_-1061103078,17966.0,15667.528355948269,0.0,37.57249499053447,0.7537767418055901
VM2_-1028252470,684.0,3102.997343398827,0.0,9.184159275087433,3.4765529080053033
VM2_-1353010954,324.0,1362.6670574121356,0.39018388252400743,6.967279402103945,4.173871189497087
VM2_-2138982475,3625.0,21380.591872541416,0.0,10.602268035850079,5.893768465280359
VM2_550234521,1244.0,5430.1838056197685,0.0,8.8386438405834,4.302288523828764
VM2_-408180438,1826.0,6367.445217767697,0.00045252190418566617,9.319219540554544,3.4844018581427822
VM2_344795041,1406.0,7325.912338023751,0.00445116972403934,8.244097863073021,5.196648967216113
VM2_613189335,1161.824,4883.403068552875,0.0,10.480707247623362,4.253244715886198
VM2_1225925164,405.0,1047.401712604208,0.012587874072234462,5.827676045120234,2.575641209393586
VM2_-811899870,541.0,1938.2209267945248,0.001738473762100481,6.486703209985747,3.5704443792675025
VM2_302809630,185.0,651.9584308577707,0.0,6.600813943195479,3.4550765832143386
VM2_-1681388252,1538.0,6101.455250916163,0.0,10.89418090426179,3.955338128495131
VM2_-1685518172,1250.0,4625.698036385922,0.0,8.033135709476488,3.5480382817924307
VM2_-1125874286,520.0,2283.5446123138913,0.0,8.665410738008385,4.2944280735273646
VM2_-812981669,2634.0,7585.734840839092,0.0,9.70481180740918,2.8808181831495876
VM2_-23643748,1502.0,5579.330398846303,0.0,7.992834297950794,3.710218051970097
VM2_-1895285580,345.0,1704.733253392841,0.09944718477301161,13.957884355699756,4.903365412596207
VM2_281322265,609.0,2703.670166805263,0.0,7.6869425612693325,4.4089984767238874
VM2_-1378107783,4157.0,17783.877532154293,0.0,15.32891282596337,4.245916422850352
VM2_-1066971025,1807.0,6373.744597899776,0.002683690537396182,7.7890243919765405,3.5293027502802796
VM2_1478273585,401.0,1674.2899474437231,0.0045962360685325235,14.867753252032857,4.149547369633734
VM2_-968866430,303.0,1621.2007411945447,0.004843351063403969,12.04425604293808,5.289600677159232
VM2_577803303,170.0,692.2913651328782,0.2926467299829372,13.238162089639092,3.994476273743614
VM2_-33883865,1393.0,7799.564502347461,0.00037092322109774043,16.39281794405529,5.568394138872273
VM2_-1196793038,263.0,1057.1055971034948,0.8412510741694916,7.885398343399854,3.9801276684550415
VM2_-579916516,287.0,1080.785814890021,0.010544738896415723,7.866303340149396,3.7365662150999985
VM2_-612910441,828.0,3863.730277429174,0.001631727402029744,14.611697605291283,4.647115924922552
VM2_322175112,1355.0,6528.226766001255,0.0004346286361859825,8.524480327329504,4.806475595837706
VM2_1483846081,1191.0,7308.5366141282375,0.026543474333336883,9.53598858708199,6.122756805364415
VM2_-1111427544,4008.0,19377.28042064319,0.0,9.64398490968212,4.833145912783953
VM2_-2052676567,1264.0,7356.955694259771,0.000370920354031748,8.963847950521911,5.812125859678873
VM2_-1965270820,418.0,519.1184981817656,0.0,8.418203178655432,1.231403110424515
VM2_-1577734051,2516.0,11115.772680688835,0.0,8.039887960231434,4.410097608891769
VM2_314063162,4411.0,11990.828155047242,0.0,9.153871920567374,2.711587616002823
VM2_1454951702,1092.0,4676.465412927173,0.008358806846661038,10.561150167448835,4.2950616099305154
VM2_-2135068954,1827.0,8924.494401019383,0.0,9.518910562067633,4.856147461995792
VM2_230373295,331.0,1101.0741429689035,0.0,15.073659902367666,3.3019291447535664
VM2_-845825287,1298.0,5694.6902098466635,0.0,7.451599993098996,4.374928387746438
VM2_-58291761,1272.0,7147.619354320438,0.022817500753598615,8.735014239192624,5.608863494838987
VM2_-1420465598,1532.0,5670.985125624316,0.0004525786709186565,8.566548289007772,3.688114432093146
VM2_-1093469037,1315.0,7260.567152396825,0.0012015627544450012,8.477343651153204,5.504441156298884
VM2_362412540,67.0,306.80700114583317,0.5530272721221167,6.194548028470437,4.358484570692894
VM2_-1675460430,3976.0,19554.640239232325,0.0,10.96931399129843,4.91079659148357
VM2_560058416,1922.0,6341.890103001728,0.0010054350871068333,8.243042512348923,3.2935473150382175
VM2_18839983,830.0,3140.45288478384,0.0,9.171207052787482,3.7599200741805054
VM2_720126182,1776.0,6545.533048869629,0.0014070155135740673,8.104872802573713,3.682731959464704
VM2_-1535281972,1748.0,3800.7743538269633,0.0,10.783640344886937,1.5432644906471777
VM2_-1500463409,1125.0,4255.191113898131,0.0,7.33177536204007,3.7741091213469646
VM2_1517689930,2916.0,16789.781363063506,0.003770853027359727,11.710087880981826,5.746893260839564
VM2_-1907667592,1368.879,6517.410685911069,0.00027819389008755454,10.091497895797971,4.7518416420911445
VM2_-1440856874,1551.0,5035.690301618909,0.00022630975978345108,8.354947229249236,3.2414634986015036
VM2_-2005639296,381.0,1423.486573394688,0.02816618320277806,15.027165601173722,3.729717269481245
VM2_142773205,2882.0,13725.62122135211,0.0,9.26402035473786,4.759666717163237
VM2_143076633,1566.0,6110.876624009978,0.0002263512303402014,27.16175056604615,3.8950865717013867
VM2_269715063,3464.0,18983.038741905344,0.0006776250198930246,8.280313676559903,5.476795544110823
VM2_-1940468419,1335.0,7900.912349070587,0.0020711858600896966,17.645880442989487,5.9080076365905745
VM2_411144488,1326.0,4311.577861598986,0.0,6.353531515992729,3.2420738440234276
VM2_1241003959,2118.0,10771.738573643674,0.002704907008607658,9.119403536923203,5.081653214506895
VM2_-1957137021,1267.0,7092.905047149614,0.002263907248368959,20.257230872777864,5.5819716076835215
VM2_-954470899,1799.0,8495.79171972336,0.0009783088783234242,51.21933216261829,4.719093246729528
VM2_-392044485,266.0,1319.1702970371487,0.7710103553668656,12.444035057308094,4.910233648731216
VM2_839219460,965.0,3671.666765122611,0.0011317558347605807,9.893066997312657,3.793265473295263
VM2_1134496300,2290.0,14098.283190547907,0.0,9.533049283755725,6.15362978680115
VM2_-1936026769,1112.0,4753.627163014662,0.0,11.138365669948003,4.179676617605069
VM2_-496410135,2561.0,14214.69229529444,0.0,9.462507844920038,5.543982599781308
VM2_435792570,2011.0,7307.980853547235,0.0014070926798761747,7.6122354776544805,3.629722863438983
VM2_915882579,947.0,4084.9194568512044,0.0,6.901487739898311,4.300639722789958
VM2_1012576853,1297.0,7238.058688363046,0.029541931338390975,10.296876173438934,5.573268248547948
VM2_-2062704437,392.0,1172.3787945699528,0.0,6.339534077149778,2.967260644632139
VM2_-1345137053,3360.0,15359.698350326373,0.0,7.382824878468862,4.56498257918679
VM2_163623192,1096.0,7248.67982606563,0.0010057991831266776,10.850323390993559,6.5960792607634176
VM2_-109992769,2786.0,16685.474126424917,0.0012013073262444778,12.740819964400387,5.978973586492294
VM2_-53461967,1236.0,7375.363040104407,0.011439803371698795,9.050813489539978,5.955331410440019
VM2_-1028825793,710.0,2723.7466021041855,0.13157897517569997,5.1897439351807995,3.820896904200642
VM2_1375234687,2323.0,9394.147948099358,0.0,8.251111051605534,4.042633787893754
VM2_-1865605671,1558.998,6601.380552227189,0.0,8.857097995692794,4.249333037873835
VM2_1442444739,2346.0,11140.643795211638,0.0,9.149636303553935,4.741795123187641
VM2_444556656,376.0,1123.9463618320783,0.0,6.41454216369072,2.962462456578232
VM2_1520839711,981.0,3648.2309106929615,0.0027404866455572187,10.395323807874954,3.7065707225186695
VM2_-1053832680,413.0,1772.491706886587,0.016321621309505326,6.555802984910421,4.266317867862582
VM2_1464930900,2809.0,16569.774321640914,0.0004344940699764044,10.818119869289115,5.888065526001407
VM2_519995287,2231.0,10778.815423965269,0.0029650569698534877,14.894057435125717,4.834488334234964
VM2_1408377242,398.0,1576.6226628972286,0.5909261928727852,7.594130928002355,3.9273266460628125
VM2_-939582592,848.0,3533.7687204787962,0.012643857231282788,13.554606117004122,4.14932961639315
VM2_-419407425,2249.0,14254.879704095982,0.0,11.47067624845989,6.32957525726587
VM2_574573781,395.0,1337.040108427224,0.00022651977564063408,5.419002366041237,3.359261302565424
VM2_-1212319322,1455.0,6498.071142797117,0.0,8.304785495307195,4.456470427046889
VM2_-1980229433,1386.998,3751.1641751395914,0.0,10.221453510763803,2.668649684960853
VM2_-1497744296,499.0,1932.689591142018,0.8558787754629691,5.565075962916873,3.847303123698024
VM2_976010186,154.0,496.9138444540308,0.017158215938689218,7.122069288877551,3.1661785450280835
VM2_436598049,1179.0,4575.560701050005,0.0,8.06310841371119,3.8716700019493424
VM2_-1619378413,2174.0,10800.161547485463,0.0015871333278211044,9.8375886888393,4.958947927998572
VM2_-1345301251,1081.0,4165.882924329137,0.8254574631958495,8.416106462317552,3.838671037123721
VM2_553381035,112.0,424.519134031025,0.742039936841104,20.713221949429443,3.6990656199383984
VM2_1454192820,1550.0,6591.467086286905,0.0,8.542189386772984,4.249168864039451
VM2_184611537,987.0,4500.953443978938,0.0031024585574912574,9.09974588771727,4.546649530825419
VM2_406363260,318.0,1708.8685877133998,0.028412379347473166,16.45941932646043,5.321240890083352
VM2_170759539,13858.0,34382.48032335208,0.0,15.807493990882733,2.48289068466213
VM2_653670576,1263.0,7186.436071275463,0.004126177524965719,9.043211106019367,5.677153460034424
VM2_755689081,993.0,3941.5978707829645,0.003165227949380737,16.042698071271335,3.9540146614539635
VM2_447910547,1556.0,6401.946300853415,0.002516093353635908,10.166042788845978,4.109912792433916
VM2_730765450,1272.0,5169.546590584176,0.0,8.156051912060702,4.054469837754295
VM2_-1823961485,723.0,3898.120984080176,0.0,8.956200409163692,5.349948505609092
VM2_-1657273583,871.0,4062.291863323781,0.0,13.541663553902907,4.629752568331845
VM2_-1135851613,1562.0,7011.316072812083,0.0,17.28659109696021,4.475449094819847
VM2_1495612068,318.0,1056.758923306302,0.0,5.578166667550788,3.3055147870738604
VM2_-435506321,1460.0,8251.192549164398,0.002596456490463615,14.165214063662003,5.632533197330715
VM2_1101221163,2185.0,8524.98069864317,0.0,9.069635938350924,3.894911985115345
VM2_310464317,1636.0,8753.486181118558,0.0,8.774829092422847,5.341988194255677
VM2_-915570579,1512.0,7884.414872554986,0.0036521771588205265,10.72477371583974,5.2006251070346154
VM2_-1979128083,556.0,2967.4598460133284,0.008649456790035452,10.418426296494701,5.291694418789545
VM2_-1018448276,1790.0,9010.66517785034,0.0,10.080493635138486,4.770769482990402
VM2_1376440900,1314.0,6681.460282031059,0.003597243413990128,18.372897519879544,5.077179072656816
VM2_-951181513,478.0,1545.0988418085349,0.0,7.067901325015354,3.2476093933144132
VM2_-1165535499,1441.0,7284.7148850962,0.0007756835020645871,8.374339151182765,5.040022945524728
VM2_-811570182,1403.0,5166.804824155598,0.0011355409361112473,8.996429650373024,3.681919144957931
VM2_-25002078,1766.95,8190.515831424396,0.0,8.448195697385747,4.628118635880709
VM2_-1577875753,616.0,2997.1860270003294,0.0,16.404618414015953,4.828899896686846
VM2_-258693075,284.0,1128.6568323590202,0.04260456701600062,24.078794749646264,3.928283391215053
VM2_-1636646805,606.0,2944.0812697141287,0.0,19.032264508845348,4.83027391437129
VM2_371548851,160.0,677.633069557479,0.19559891559833154,6.4656133273939425,4.154864029443995
VM2_-16692868,480.0,1978.752545362642,0.5614669680494696,7.792542352131452,4.0941339957257465
VM2_490082021,1363.0,6598.379819440746,0.0012012654187073942,9.977019697177967,4.8447734737230865
VM2_-567792076,1249.0,8251.866806552063,0.0031759090366630352,13.607757142500573,6.585560593079704
VM2_-1164049999,1387.0,5393.502911610728,0.0,8.715442549185008,3.8796839500602327
VM2_-2119419915,892.0,4091.744811188204,0.0048821350969075064,12.346748408385219,4.5744926096046745
VM2_1189299925,779.0,3162.3131545772035,0.001303388265951073,7.109745891492358,4.045857680701282
VM2_-1580361841,2109.0,12284.948352842246,0.0,9.946455943985589,5.819725384275951
VM2_586850969,478.0,2396.5455325211874,0.04038454813477372,24.51657786906222,5.002735392385471
VM2_-153206566,1929.0,7591.906490272536,0.0014084428418029745,15.132304999881868,3.9256464086900857
VM2_-819726991,605.0,2704.771589222355,0.015545192243312153,8.110925705535966,4.45442051341523
VM2_-1577569442,474.431,2070.269233289033,0.0,12.991446082616045,4.350925464555821
VM2_753799637,1454.0,6286.967014667026,0.0,7.330461426779032,4.319441204567139
VM2_-1058883047,300.0,1576.4204477918265,0.0,14.01442747702299,5.128286785644165
VM2_848150983,715.0,3752.4444228402253,0.041721194700330276,9.134508723145029,5.232510198184069
VM2_-1318615600,835.0,3379.202557460172,0.0,5.981754224725031,4.013847999268661
VM2_1365998549,2231.0,9239.709020567596,0.00043446728888217075,34.55685311703355,4.140640377276955
VM2_-1634328717,1229.0,7964.477009569169,0.0010149366051443393,8.859926790310883,6.462911566404091
VM2_1290805233,1649.0,10926.272429750925,0.0,10.137085047934287,6.611369901289944
VM2_-2073487821,566.0,2335.4872294045563,0.0,41.512631065848026,3.9661474356504436
VM2_694776567,263.0,1065.8558652353936,0.8291866115302193,5.521766491846861,4.00576704486435
VM2_35530820,956.0,3214.9563042702403,0.0005851510972949622,17.290080718433387,3.353356772441158
VM2_993649350,1179.0,7175.663308505278,0.010238100725940037,18.488899483413636,6.072759177695766
VM2_-39118233,248.0,585.1091655007939,0.0,5.306383518776631,2.327944176672161
VM2_-576510659,223.0,781.438504718607,0.0009049406381043835,26.407122143567566,3.4488018414844883
VM2_-1759695788,3511.0,17737.399968823313,0.0,9.648074846982025,5.0455041538989605
VM2_1023044483,2084.0,6942.858747032904,0.0,8.957556131630474,3.326120487835898
VM2_-1986617233,369.0,1802.6380692631778,1.284607086762923,8.081881090150985,4.83893595375398
VM2_-1183899260,2572.0,10874.747406569282,0.0,9.12746136166846,4.221294626415863
VM2_897982525,467.0,1876.0627591105167,0.2437332589059992,6.545007436053339,3.9804651851908512
VM2_216458103,2205.0,8970.925004879762,0.0,8.426854318239942,4.064681781284296
VM2_-666683098,824.0,4115.495207721527,0.00364184460500327,8.322995208794348,4.975816468856775
VM2_-348510271,2509.0,11221.667636211916,0.0,7.676827760842909,4.467391243361922
VM2_1480815776,1216.0,6383.2756524654105,0.0,11.794475593615818,5.215056568408191
VM2_1514682126,720.0,2227.0302065974056,0.0015008389147465545,7.799839536512896,3.076197119851579
VM2_-530436182,661.0,2832.5243747831655,0.0,6.373677006881571,4.270077281352333
VM2_-1018950119,932.0,3300.308642374367,0.0,6.1372299452701435,3.510031912509055
VM2_-1448368501,2562.0,12934.97200637548,0.0,9.465754050966298,4.310312291890008
VM2_24881827,1545.0,7883.052552434165,0.002521762999636899,11.000084604725059,5.095328969923535
VM2_1216300895,843.0,3700.293520532691,0.0036425399959768355,7.667286256114013,4.364468821453658
VM2_1044279777,587.0,1797.8173308597395,0.0032628931612658733,9.373339615176695,3.051425887188564
VM2_-904713694,776.0,3380.1980676362664,0.6158476376172745,7.778550407601114,4.344014480238848
VM2_-561122927,1046.0,5620.217219215842,0.0011899128389108538,10.638570158868008,5.370708044678487
VM2_-1752952368,1560.0,5109.119065772464,0.0018661358426620611,7.611754598889905,3.277071610336274
VM2_-1858709528,1415.0,7797.798820982569,0.0017380208810490129,10.992846599990964,5.501647677169278
VM2_-1714258184,329.0,1548.3484029257836,0.0,6.9223418778744445,4.5730533943319065
VM2_-897103961,429.0,1860.6003414947213,0.004466960530679797,7.500442559474375,4.301710104420203
VM2_-1927192236,539.0,2544.5953598823326,0.0,8.229127723358756,4.663049512124605
VM2_483756961,2469.0,11175.544862204486,0.0,8.964407573167108,4.52146428822407
VM2_-540275685,469.0,1985.6832026454622,0.1900870082463105,5.803463054488588,4.206138332584493
VM2_-1106646558,297.0,1054.6185130090857,0.0,6.595546080101321,3.509484694186744
VM2_-2090921528,236.0,801.5613080333243,0.03375872833148429,7.3904308025374545,3.359887296841771
VM2_34467106,388.0,1366.1902065867623,0.0,7.771536546931852,3.481176508624841
VM2_-760993823,2484.0,10928.979692908844,0.0,7.980512662063532,4.386401331508895
VM2_1447217163,840.0,3383.69886847098,0.0,7.365556195343269,3.119536086613443
VM2_-1181875228,2425.0,14164.149247104922,0.0,9.69005133339232,5.829989115733058
VM2_-227887116,2133.0,12375.52235767525,0.06064694699784012,15.415882661537035,5.785434059733335
VM2_-293212674,612.0,3094.1432624549034,0.0073583886311316404,10.053956654554625,5.020513593603922
VM2_-266780895,188.0,700.6951762194036,0.0,9.289055273986316,3.630079164541793
VM2_-1500431171,341.0,1372.1556037287692,0.004312939506167047,7.180131830219552,3.997431119150613
VM2_-146432058,2550.0,14150.743577833826,0.0,10.414012510263179,5.5418825099738545
VM2_216502668,296.0,1382.9078507181678,2.7035664414229346,6.165310522853834,4.627009983596534
VM2_-869000796,1915.0,12288.335248754629,0.0,11.064383888656081,6.405093648902776
VM2_-541201061,2588.0,11209.874276730363,0.0,8.18851702653046,4.323409178887381
VM2_689214746,171.0,673.3372475653691,0.9968683609388233,4.973394441372676,3.8901861910156432
VM2_-1239244991,891.0,3897.0885865282035,0.0034763452633306637,24.256684383609635,4.352943007461961
VM2_-916743141,1888.0,11245.9114731785,0.0,10.070175104510135,5.942682373646738
VM2_-1433415273,1066.0,7149.430297871203,0.15076027165840714,10.380238445362076,6.6860256313327655
VM2_1392507951,402.0,1731.9278364678603,0.14325380079000943,16.589765747054944,4.283632598790132
VM2_11848613,2457.0,11312.039486091173,0.0,9.825920022305498,4.600146991629753
VM2_-1186011742,2686.0,16599.533577649287,0.0007736642988210961,11.132983324931415,6.176194793471417
VM2_-32628840,1525.0,6456.539704649398,0.0,50.9086397020161,4.113699223958237
VM2_591711919,1732.0,6028.038119710345,0.0,8.02444077827095,3.471352927626156
VM2_-1081781532,1386.0,5783.040591273262,0.0,39.64789036938188,3.7436155019241757
VM2_-1875093504,1372.0,7205.985189906154,0.0007740536898372809,8.431668372512625,5.241532297426812
VM2_-1476408367,304.0,1040.741444333305,0.0,7.060006778411904,3.3839083376118495
VM2_458611740,1012.0,4003.003398673263,0.0,12.223212495896023,3.9372401403496387
VM2_1186046711,3393.0,19942.190559809038,0.0002254786615841916,8.723690289824951,5.872213112166043
VM2_-1332784775,2277.0,14185.383378996268,0.0,9.718198832434977,6.220974270748339
VM2_525465236,2472.99,9197.525050598544,0.0,10.21641898154669,3.7199828596315134
VM2_1320041568,1719.0,8643.29765078827,0.0,12.198929900857046,5.018123060704609
VM2_1532032921,63.0,158.3643501922141,0.2767479206523855,5.903727881204119,2.399459851397184
VM2_-2119111900,1727.0,7947.723573098824,0.0019090595939497811,10.86913513559788,4.602426572871479
VM2_-1381187786,1210.0,7264.799649938124,0.0015477473661696768,10.191685753983927,5.988543713557477
VM2_-1163287006,1666.0,6987.154273484919,0.0,8.751581478241127,4.190431147819378
VM2_276031722,1595.0,6351.089660151262,0.0,13.669269998214219,3.730044179109491
VM2_-399866152,3073.0,16619.392775649976,0.0011906059163820858,9.593208690758367,5.400239184204109
VM2_-638798689,1209.0,5152.813337367596,0.0011355479227841624,11.526553200582887,4.244642811988896
VM2_-856670295,3703.0,6513.415983071824,0.0,6.859254302823167,1.7577549732282816
VM2_-1868705770,2890.0,12340.440334793395,0.0,11.442325432356078,4.261760980403023
VM2_1247884118,194.0,668.7539843008444,0.0,8.950317126390113,3.387797834379874
VM2_32731903,1324.0,7382.779862048661,0.04891616778761949,8.340263117349545,5.560883417024191
VM2_-1432580106,1975.0,11341.644476393903,0.0,10.32939930978274,5.734364677174429
VM2_-2137041403,443.0,1564.1666243871525,0.15740340591259644,9.435446184164594,3.507590620061319
VM2_714160318,333.0,1032.6627437927998,0.0,5.699583190002063,3.0682128421629704
VM2_-1538083645,1376.0,7316.607816052794,0.003513460804972074,9.054625651510666,5.310877790242649
VM2_1025343210,232.0,1046.2348853525486,0.005792722318562903,7.973118913562703,4.441802550790211
VM2_21589404,1252.0,6603.5692606598695,0.008543227240936953,18.37024696569321,5.2709532468416675
VM2_-1423086484,1564.0,4687.492908180613,0.0,7.068453979246086,2.9932840532531224
VM2_-863533011,254.0,1011.918529369201,0.9152882418013704,5.251018119912672,3.931173139613652
VM2_-662714234,975.0,3997.633154263758,0.00037092354602728393,7.859061745207875,4.088677006658263
VM2_-628723362,2451.0,11506.245800097615,0.001748768161277587,16.773153077689777,4.688709154945815
VM2_-1816154307,1589.0,6380.108138985611,0.002933993808600422,7.9850172750411685,4.0065185158564915
VM2_-554294942,1230.0,5551.241141655124,0.005898729161077049,8.907929646711159,4.500056203355784
VM2_-1402961926,163.0,837.38383949521,2.19141722004307,8.829450881138197,5.04209089481996
VM2_1137684873,483.0,2129.3443265937476,0.4392594279155613,6.993996237245812,4.388031965493771
VM2_944654381,387.0,1435.1308361067909,0.014386221586763018,11.593258101552182,3.6785307733065356
VM2_-1231648582,326.0,1092.0125147310525,0.0,8.826794622858005,3.3129368576986575
VM2_-704350426,262.0,910.1712907950052,0.0058856583404521415,6.10687846743826,3.43763942869322
VM2_-362289349,1808.0,7804.098135162169,0.001201304391802096,25.68875506331082,4.314632018873666
VM2_-1052023536,1523.0,7865.432802971993,0.0013577822138510383,10.894841404853523,5.155735306302355
VM2_727627444,1293.0,5213.52294870094,0.002934343515615124,8.015615036366478,4.036068636128179
VM2_-545805393,981.0,4409.8964614998395,0.009566014413299408,13.887568545881045,4.48572564571972
VM2_-292609214,275.0,1022.5750614352744,0.036732452287973325,12.274860766564808,3.6768158088389287
VM2_-865432751,1476.0,7862.874119740929,0.00022629711995583423,10.286913264987342,5.322986193820646
VM2_-1493727371,509.0,1915.6360139335102,0.167591766715397,6.817490470278982,3.7546268874854425
VM2_848342233,481.001,2099.607618132215,0.00939055547429963,8.369206667598712,4.3295451857529645
VM2_-447229517,1522.0,6438.548598857087,0.0005850511883798729,30.402486468677598,4.218855517187529
VM2_-1821157415,339.0,1045.505216819422,0.0,5.8653691219296284,3.0574061369352856
VM2_769050685,1246.0,7087.750943738534,0.004477305276796475,9.109584946485645,5.676326103488734
VM2_606211276,1133.0,5000.170841537589,0.0,8.99123247430886,4.39625802251505
VM2_-1124859870,2457.0,10497.201675943239,0.0,7.60475514908432,4.268730346426837
VM2_-1166074310,1049.0,3270.9478545145957,0.0,28.86523782080044,3.019806886114019
VM2_1534897165,317.0,1776.6577302852315,1.108808579414318,28.31397610281218,5.568881783319849
VM2_1281117265,2735.0,18292.891209210808,0.0,13.314345328400156,6.683582182099615
VM2_-716090843,531.0,2257.4985113286893,0.0019360540276135774,20.02780053759228,4.2239513857673785
VM2_-1789894870,1466.0,7827.255830516311,0.0006789571417144261,10.988968342126261,5.314304030634522
VM2_1243165041,1357.0,5656.224350443954,0.0,27.46023886824582,4.105143151272264
VM2_336740006,11719.0,31180.365776405037,0.0,10.177289699133095,2.660299658884219
VM2_-2080601220,722.0,2197.8634296807995,0.0,7.393051262328998,3.03093420500589
VM2_1102523476,296.0,1274.41137037476,1.03405919595248,7.191063388244039,4.259300438046353
VM2_-473878018,1032.0,5369.078449079539,0.00412705357913811,19.113197089975905,5.19025986976948
VM2_-137733020,2332.0,10865.966601347,0.0007755468384822822,12.044351197113677,4.653553270313108
VM2_-1285343459,255.0,1015.7797345621722,0.0,7.440044295015138,3.9280988456757187
VM2_-97730706,1420.0,7844.0299480080575,0.0004530965523529033,9.13093524571376,5.515667587523312
VM2_-244654139,556.0,2280.479305558022,0.006003453482210719,12.351095341561447,4.0806148773545114
VM2_-1882273608,587.999,2156.5676596948992,0.0,7.135941458987968,3.6493830271398684
VM2_-599311590,1079.0,4288.19870832817,0.002488271928717053,7.15159476819471,3.958717337813345
VM2_-53312383,1322.0,7719.946502987493,0.001135547901109515,10.555203936336301,5.82209147893899
VM2_-79673071,146.0,675.5182822700948,0.08177972340236923,12.156676995626322,4.528630675180261
VM2_-407671229,736.0,4003.950071371847,0.020118750547282214,22.738007624016205,5.416819035039274
VM2_648227149,2508.0,10832.98640349795,0.0,7.714357567067008,4.316907441173285
VM2_-291245831,3730.0,19342.22140115447,0.0,28.304160216899405,5.169499480588352
VM2_-391255944,321.0,594.6304582624756,0.0,5.934012085699352,1.821896199982664
VM2_245959101,1348.0,7174.989360490272,0.0018130265761099834,8.52716023001541,5.315074209081183
VM2_-333273713,2767.0,16225.200504573077,0.0003709245116111112,10.321086879149217,5.85527338163618
VM2_-1199977823,1316.0,5896.514786925937,0.0010056424311478043,14.526652741268455,4.4689248029343265
VM2_-845047843,175.0,830.3908039935923,0.0033688646861010974,8.791150386195458,4.687518470619167
VM2_-1968290561,1317.0,5001.459016823118,0.0008692753001169981,6.194849258190653,3.7981740405490085
VM2_-218354424,261.0,1090.7147677804467,0.0,11.730797615273103,4.116051792049107
VM2_1352680925,888.0,3779.5855509476187,0.006927340979857203,12.856003232901784,4.235712349899748
VM2_-628130426,723.0,3753.5583512632165,0.01068975274746124,17.353260175986456,5.175740868034848
VM2_-789511046,643.0,3169.658532572399,0.0,9.070048556944748,4.811536954685898
VM2_340061326,1356.0,8053.576919765429,0.0007756115461064877,11.980651512218097,5.927099334299869
VM2_-962097849,518.192,2205.5852640608205,0.0,28.47881575185758,4.241210106454471
VM2_29597834,1802.761,6400.572379121758,0.00045235454370744715,7.023405076484255,3.537892569170921
VM2_717436772,3883.403,9998.517139850146,0.0,7.914779320966383,1.3790037222095863
VM2_329376810,1640.0,6534.748440016012,0.0002262110416376335,10.47730698117184,3.975374440346345
VM2_-833409046,270.0,1060.6585320668335,0.0,7.241783681642494,3.879799850117132
VM2_1094956033,2447.0,11051.108724402746,0.0,39.71616513642804,4.516821550040693
VM2_-502009543,2569.0,11230.433318918775,0.0,7.61293923453725,4.3440081461827775
VM2_-1223375760,1182.0,5352.882701266277,0.0007756220463213456,9.4409335390133,4.519261048222872
VM2_1460610323,1509.0,7895.142675785369,0.0,17.367000536391235,5.204412016504634
VM2_1249918791,278.0,1099.7782939343795,0.03661229696324988,7.874097506016334,3.9067103892980537
VM2_-864821637,139.0,741.5646325465888,1.2719415607908697,12.360986914918678,5.222490577052447
VM2_-956168180,526.0,2273.8503947064855,0.0,4.325722852421225,0.04856249472347475
VM2_1306244446,2365.0,14163.02587339294,0.0,10.009299670294173,5.980027466317456
VM2_-174833750,756.0,3952.109235277626,0.0058507274725409135,19.926923327713013,5.188638660445441
VM2_-17997323,2170.0,13624.995694672325,0.01779710452518929,20.894859523442133,6.268496049214398
VM2_85754600,1416.0,7832.164893640762,0.0007756097817593248,10.290108325036329,5.5261934667627735
VM2_255966903,668.0,3309.918574124291,0.016406602971471954,9.323786128133396,4.924385150335883
VM2_800864684,1632.0,7839.990109733173,0.0002262880000584456,12.96149955494255,4.793974264547028
VM2_-120890984,683.0,2807.9251881383357,0.04833404644794762,13.662399650237584,4.095016422370032
VM2_-990618755,486.0,1858.2575940300687,0.0023268500312277605,13.503888493346551,3.7958343975147506
VM2_-609130288,3420.001,9039.14963368781,0.0,9.016518538609397,2.6532892700846324
VM2_897906926,423.0,2244.7534708456865,0.01116848917554506,9.092717517260683,5.269018084793986
VM2_1400066304,778.0,3875.286743593871,0.011584772284651247,22.25816853035617,4.9752470122043935
VM2_-1740591061,1671.0,7130.996991189941,0.0021251591387830035,24.44271549036586,4.257944180031867
VM2_-1410679728,2337.0,10878.37585230443,0.0,7.704562406847901,4.653593593236003
VM2_-203365975,399.0,2199.20200325938,0.0,9.973328157267455,5.471140298327166
VM2_-1829990197,742.0,3247.4655127800934,0.002452791511393515,9.465661514455531,4.339268045495046
VM2_-1611420950,1271.0,5349.072691425695,0.04246288303766133,8.882705843555108,4.190720139974479
VM2_-1401348417,1438.0,7256.399297991984,0.004228356072535021,8.515413917132134,5.0405212948503735
VM2_-1089114487,1794.0,12277.89578809032,0.0,10.78761106274746,6.834887612832609
VM2_-1780893618,782.0,3122.7875426487444,0.01047419996689119,25.542016934959378,3.9734728685791065
VM2_174278993,304.0,1053.919188142739,0.0,6.0928892572116276,3.4415627303182905
VM2_-2140476720,1488.0,8420.027737953049,0.0,10.227335324381716,5.6211922703033075
VM2_793959084,750.032,3579.4169577277053,0.4424839586087127,9.839820602876788,4.748714147732287
VM2_975376767,1454.0,7423.071088895545,0.020998139631773077,8.055576088334137,5.098538733475972
VM2_-1206150621,2633.0,8528.883610851055,0.0,7.889720856891536,3.2387298456207056
VM2_894999706,347.0,1268.8290923386353,0.0029296225938153435,10.506169218946498,3.6200704975449547
VM2_774430852,202.631,1025.1334893041014,0.6792928451105885,8.325008532121055,4.991859516551909
VM2_184038801,331.0,1066.6632345508876,0.0,6.471537427047706,3.189980758279994
VM2_-717459439,191.0,1010.4144001155291,0.0971890825198206,8.908773447665657,5.231223937174477
VM2_-1800272581,469.0,2187.074181668728,0.0,25.827103355057094,4.629904506141507
VM2_1287781454,1044.007,5226.074936703277,0.0,9.683235872188247,5.003443698202007
VM2_-796730150,3685.0,13067.231084975308,0.0,10.58641121611605,3.535131052181749
VM2_1079722437,1814.0,7717.361571987313,0.0011699495080827603,12.979800903133375,4.2408295417853425
VM2_-909627763,1411.0,6759.393385232468,0.0009799263933597125,8.266288753661257,4.774339321080943
VM2_517415509,130.0,514.3344134141827,1.5789617306322503,16.579038440231617,3.870023118628715
VM2_-13590241,1192.0,7122.494352939498,0.005327047740337391,8.78959250011214,5.963663913221727
VM2_-683190651,479.0,1800.0178574810911,0.011824807468223543,5.950949503759573,3.7255139829939146
VM2_524954260,293.0,1402.5723981419628,0.0,7.576478593155932,4.696986314791115
VM2_-736514500,460.0,2055.3317721121493,0.0,9.003287952975167,4.417050495654089
VM2_254183756,459.0,1679.2284727934825,0.013450838015946834,18.276435102565944,3.64087458434564
VM2_585706740,2377.0,8256.138476710566,0.0,7.909959645480808,3.4684508392095377
VM2_-1797641479,1071.0,4866.780464296915,0.005041301673430003,14.94503256956317,4.53271342534233
VM2_661185497,338.0,1357.7875900395711,0.01957762929833554,24.586969104878307,3.9971968279882844
VM2_243970311,1473.0,5995.601538726543,0.0015475651859437258,9.713558467363649,4.067279691367157
VM2_-237521909,1832.0,6307.733363016693,0.005075283928724758,9.777818834233324,3.434930275725369
VM2_1220113286,2975.0,16693.821894548786,0.0009780563593914644,10.006909828576664,5.606782974104518
VM2_-1152725171,2904.0,16717.90314940187,0.00037092352876827835,10.421004786923646,5.752482092920651
VM2_-285879052,136.0,671.86522436632,0.18498246760945927,10.149805109340424,4.830218033909766
VM2_1035440060,1246.0,7333.357692998265,0.001135589589916391,9.843477213754747,5.869773185797742
VM2_127041062,1313.0,7243.450526048551,0.0013543878803316254,8.817670315939678,5.504705792030526
VM2_-576601463,293.0,1032.1177597858107,0.0049528191886687575,39.16396182943361,3.479444365986594
VM2_1343780915,172.0,846.5696814789294,0.0,11.114820397455093,4.680746404087487
VM2_-1735513948,746.0,3497.0601602282795,0.18546320909843966,6.4968212738204825,4.657650375357922
VM2_-1286274444,662.0,2744.5267278351525,0.07472678430807252,8.231887609151173,4.133074841114978
VM2_-1484867612,1358.0,5622.065104848572,0.0,7.646034201847548,4.129684235629252
VM2_54620161,121.0,458.2851927060268,0.10411927433614016,33.695185827115566,3.691903486864098
VM2_502412565,963.0,4703.583043802309,0.0,7.2983878897553005,4.849735545015804
VM2_1241006688,508.0,2097.390567831411,0.0,9.67744918966485,4.097986748872345
VM2_113732385,2272.0,8830.526233411438,0.0,9.459058836423113,3.880254979289633
VM2_738108983,1043.0,4606.425883364315,0.0,6.858463300839815,4.410789909301273
VM2_-1976432631,406.0,2153.734428126295,0.0,15.729286084307747,5.2543825637700845
VM2_-103216007,947.0,4689.161437014056,0.47472070209488043,14.500753775429752,4.942368985332128
VM2_1004972265,550.0,2123.792183653424,0.007266325827314092,6.492221073041556,3.8442474255230286
VM2_-879626608,1050.0,3877.489834142828,0.001586990899025029,7.565583146165884,3.683218023009682
VM2_-1243626677,417.001,2208.3338364010015,0.0,10.089912195257826,5.257889434665598
VM2_659781145,1504.0,5519.468711178134,0.0,8.178623569982076,3.6646103507856638
VM2_1165592737,2226.0,7851.224521486631,0.0,9.425581685317216,3.5210682082333733
VM2_415602537,385.0,1117.7765113905582,0.0,8.91013813033233,2.8637389575171817
VM2_-2051736571,3687.0,18540.610131193884,0.0,13.590744917531325,5.022918577390717
VM2_-883865165,267.0,1045.1325955841723,0.0,14.110931315478576,3.8598739437588456
VM2_-1877441007,1264.0,7381.718676637609,0.00195752388265482,8.948271734663209,5.82055054819267
VM2_-229385665,1397.0,7854.90917432784,0.0034993689198887673,10.674779238048414,5.601242178866338
VM2_541115206,453.0,1766.4047847294382,0.5048194074253832,5.963059833260194,3.8648078716347256
VM2_1504488733,1623.0,7834.477597656392,0.0006791284616838506,10.67621347418796,4.82781890318005
VM2_-1869508538,456.0,1810.203040038531,0.0071603288627133665,11.405788183754039,3.944973361660459
VM2_-934979411,1153.0,4770.138016285579,0.009855269108872378,18.69676382052175,4.123444834703279
VM2_1027896464,4770.0,19653.53880001579,0.0,16.840575817147585,4.052748137698215
VM2_-1843456227,1298.0,4402.379051985179,0.0,6.365009162410147,3.3835473843551607
VM2_-735998624,75.0,294.9698351685983,0.2031498279470533,5.857215851677027,3.7816645534435684
VM2_-551359826,1418.0,7801.904081142807,0.000773613209580932,10.354004520038147,5.491180970980433
VM2_1402430852,1420.0,7308.993385014053,0.0005856567169953366,7.985339196897598,5.1323779176434
VM2_-459557032,2541.0,10767.584710588413,0.0,9.31856840556013,4.234551044035844
VM2_-2132262054,1404.0,7387.930767549496,0.0007756793657509607,8.262200976021107,5.253767252121732
VM2_194961465,910.0,4796.528800333303,0.0007754848892219377,8.515797054490154,5.2641731037979955
VM2_1343901520,2516.0,11053.674143613933,0.0,9.452585641698834,4.393908689829724
VM2_930972720,1557.0,7853.306515515741,0.00043457031136992795,9.808158756083582,5.045471620670476
VM2_-1896702701,1161.0,7086.083512081661,0.002519404691841749,8.508605817642211,6.0882842486072555
VM2_-1830848345,899.0,3789.7636505671844,0.001748704462258482,25.580024037156534,4.202749843167005
VM2_1433843579,443.0,1946.9873871370214,0.007789378708180466,6.411214228837857,4.358577313554714
VM2_-856742371,1360.0,6967.70663166745,0.001584329429398358,14.20550011519682,5.110011001327496
VM2_1200733172,1239.0,6695.774088619311,0.0,16.122889897890314,5.380716231619183
VM2_757282004,199.0,758.5468099890498,0.00043442196762357555,8.200961726682689,3.7459579950816364
VM2_1338924161,1216.0,4461.746940945444,0.003524713328858894,28.64197600557908,3.645733892222559
VM2_-1611336907,2021.0,7305.415744515261,0.00022627088419003934,13.854846597686517,3.6087010351178725
VM2_529962102,344.0,1295.8456944472832,0.0,7.169330814946864,3.732419384137348
VM2_-1274516075,867.0,4009.5877209946602,0.0,19.285977475392897,4.470125484477838
VM2_-586505441,317.0,1553.2598829098474,0.0,14.012555328929453,4.865381663943977
VM2_50986114,323.0,720.1366905865033,0.002520162475744377,6.510335000953872,2.203262528770884
VM2_-455376667,760.0,3303.0979329016886,0.3181709462727649,7.256241621052333,4.325823510322186
VM2_-2062979590,2713.0,16721.013015770044,0.0005563858185165449,10.733056728602797,6.159679837299797
VM2_1320884225,368.0,1346.1230903776395,0.013823699882632953,16.741595647330865,3.62746957670823
VM2_822564538,1735.0,7380.136665279012,0.0027051398261311774,18.88809941955189,4.244643522066074
VM2_-2048704872,748.0,4566.596567297774,0.019961341185922122,9.5760441645188,6.086932425655552
VM2_-1711576439,161.0,851.6047446637207,0.0,15.805725435647751,5.142786471721642
VM2_-714669114,628.0,3279.130645758578,0.017702810053852266,12.434341195757618,5.208244808250399
VM2_1320052791,2479.0,11148.810301187506,0.0,7.6961083583528405,4.4934250380300815
VM2_-982133072,972.19,4973.76528180422,0.0,18.529005516345617,5.125595659536175
VM2_-1310689215,429.0,1714.6156133868612,0.001551303105029731,5.877360994869399,3.9647154406630483
VM2_-2105127519,2295.0,10878.566989568391,0.0,7.440295010192803,4.73346455442042
VM2_1295318300,1166.0,7254.590431582827,0.0009055638093958072,12.78365021766727,6.208331466107824
VM2_276770461,350.0,1545.9116019008407,0.08278900799498065,10.25594796277875,4.391109505297861
VM2_-1653590845,1098.0,5420.618811739008,0.0,15.027009984681255,4.652711962831508
VM2_-1286598733,320.0,1410.5074149158152,0.45254115617121804,11.684550388721526,4.371606902224536
VM2_-1570175604,1386.0,5979.062944417709,0.0,8.200048781746371,4.3044304116286165
VM2_-1050766681,1254.0,7336.378770085674,0.004342710060786716,8.890859167950346,5.835275669802472
VM2_-1213663574,1536.0,6851.481022666949,0.00162687666692505,10.636488278210068,4.448537447666624
VM2_-1037475306,2666.0,13060.951642289903,0.0,32.72481876505615,4.895512113959615
VM2_-602163867,1180.0,7302.3501447966355,0.0029686735809773186,10.85074041641037,6.163150701661413
VM2_1111094278,5358.0,23333.05585389046,0.0,54.40792474454337,4.261755614964865
VM2_-680060328,2450.0,11175.470261289176,0.0,8.500470440530387,4.552885334624635
VM2_272319523,2818.0,9479.892272073643,0.0,9.679645094498573,3.361666972075973
VM2_926626190,255.0,1180.9411048540264,0.009664190062206401,15.768111455242902,4.5914559544682465
VM2_-694270507,468.0,1047.133740516991,0.00022650631688649804,11.447668641614925,2.2237038157987903
VM2_-9980017,604.0,3335.2613492444434,0.05279799541392002,17.83334200571269,5.4940226379317325
VM2_-1984933400,90.0,379.88641605965734,0.2742902296532445,5.736578896418437,4.084800172684488
VM2_1046034239,456.0,1732.473527215202,0.0008692190674288352,6.170208778074801,3.7822573838243305
VM2_-404022414,3470.0,9422.996145492014,0.0,6.482053226054027,2.7147706829083185
VM2_1174894354,420.0,1673.156261103964,0.03230140013908174,5.700090908412048,3.9564722730859136
VM2_1055312245,918.001,4515.057643195742,0.0,12.511746176201262,4.901576977780697
VM2_229962108,2117.988,8916.429739501873,0.0,10.139332303703526,4.216632522706707
VM2_720915842,1354.0,8176.818971083096,0.002063908465317637,10.056074982047408,6.028878694612579
VM2_-763204250,2790.0,14050.194650460879,0.0,8.3259257359826,5.027931701804613
VM2_-1287805366,472.0,1684.1896202644818,1.099645447082703,7.337601079869743,3.5447577820619602
VM2_-657964028,959.0,3633.5797926251025,0.0,6.58122693894871,3.7785149775093574
VM2_-492368385,506.0,2888.327832573257,0.08260610935490788,21.380113056825923,5.679990046073432
VM2_-1250839191,800.0,3341.615241661343,0.013031541632848509,53.746308354914454,4.163979380486223
VM2_259487494,1274.0,7009.74002366121,0.0007756215175384693,19.52856031533236,5.488546288108648
VM2_-1700861874,2365.0,14087.490450497722,0.0,11.34267921978059,5.953949664002327
VM2_-599615303,2754.0,10890.174505159936,0.0,8.485990523601528,3.942771469407115
VM2_549546049,1472.0,7861.843885320695,0.0,10.08879860762006,5.262394567087993
VM2_-93890282,1302.0,7344.2956529481235,0.000453223054117199,8.651747073590947,5.624225573913677
VM2_48534855,1874.0,6503.522805424798,0.0013526601794156695,9.74893047740826,3.4614964610763708
VM2_-1352034356,1729.0,6115.708925207897,0.038160679291952736,13.438568642838257,3.5287481440181176
VM2_685342237,450.0,2204.985633543998,0.0,10.2146514850948,4.890402412219943
VM2_-669391396,810.0,3903.495785040131,0.002263683275831119,18.85775453226569,4.783166551447951
VM2_-1729317731,1259.0,7175.638709547459,0.0011708600130453416,8.155455036475843,5.683466268705013
VM2_-736217656,1712.0,7645.070753605874,0.002169963489809059,12.262637094033467,4.45340763707871
VM2_-1428662840,554.0,2930.005967921651,0.004905705136104524,8.664528104916142,5.2518139304935065
VM2_1347977467,1494.0,7846.977562542292,0.001358272903749798,17.865444115538935,5.23988833361853
VM2_-1698913148,543.0,3169.322029149076,0.12908481610813335,10.887045635659595,5.809910278252307
VM2_1047733725,623.0,3093.331992584648,0.021532567773735505,12.830885902038675,4.951380019772176
VM2_1251412713,939.0,4716.365834903849,0.0,25.040055708675656,4.5655312946266395
VM2_-2017177958,649.0,3453.5333438779635,0.15804157667492735,19.945119230035136,5.296556778136613
VM2_-721512987,1083.0,5905.010213631738,0.010763546193695813,20.2246046912088,5.4412841716364335
VM2_-356763096,1214.0,5495.049166404085,0.004099771826978615,9.429582963333695,4.5127777880703315
VM2_-1941908023,316.0,1020.7724007035098,0.0,6.041345363007398,3.207283760782091
VM2_-1388520118,326.0,1318.090149385638,0.014872190327157553,9.643906591255002,4.005327343998233
VM2_-758326721,1191.0,4104.074382798182,0.0,10.933260579916201,3.4396232138150866
VM2_1424552713,1624.0,6782.9358682912025,0.0006786196845609319,22.06119809439762,4.170845933947613
VM2_-216535440,814.0,3533.6174104221036,0.0,10.699659794294126,4.2464546287617875
VM2_-253658261,1874.0,7903.80755548303,0.0009791069682171848,7.534775077734832,4.207146603476119
VM2_-1662130146,2373.0,10677.92851749149,0.0,8.638843019620793,4.4929821225872795
VM2_-627306445,375.0,1048.8648330332144,0.0,7.808583006290557,2.7652249175001553
VM2_-1037475306#2,2666.0,13060.951642289903,0.0,32.72481876505615,4.895512113959615
VM2_-1509383356,3117.0,9222.800364064233,0.0,7.266351540458287,2.9511624601081756
VM2_-231891539,1279.0,7365.301104844184,0.0011355784471887157,9.177190814518818,5.74490936723537
VM2_825929952,557.0,1956.332206275867,0.0011918394444591538,5.638113292334555,3.489617821222555
VM2_-1654201679,1264.0,7290.045447450544,0.0006792146683873104,19.82174307712025,5.756965367056562
VM2_-1838428573,2321.0,9314.13811939608,0.0009777699503457828,19.063834571434242,3.9980742013220287
VM2_1174717660#5,5781.999,14951.411207323308,0.0,25.497455683414113,2.4373204979652856
VM2_-646477467,724.0,2715.44230706413,0.0,5.750098177990382,3.743816988043292
VM2_419362212,987.0,6251.855733363258,1.641390682879697,15.421742693325003,6.311266333482845
VM2_-476352661,1432.0,7885.718753591093,0.002441694791666889,10.751439401611185,5.494969389439669
VM2_-382986943,585.0,2333.311009273264,0.015452804485761987,7.078344976703078,3.9625885854994847
VM2_-428026361,319.0,1104.9144572741932,0.0,7.971595878188528,3.431410710345576
VM2_-1341890558,1456.0,7414.877014904092,0.0011356184090720442,10.366946084937414,5.078886977825111
VM2_-1083172469,477.0,2264.725265879567,0.10065539689098545,6.982350773763726,4.716969977586233
VM2_-1897489527,305.0,1097.4823628037502,0.0,13.498307822596466,3.5615404363046337
VM2_1029804468,478.0,1792.1295306288966,0.010953976239898121,5.247835529104198,3.7230960294287896
VM2_1171317866,459.999,2190.13185236187,0.0,15.002674593730495,4.760455105280142
VM2_-235918373,401.0,1511.5221438638366,0.0,6.5065873958705565,3.664647769567616
VM2_331382084,501.001,2123.281278607202,0.0,7.0693006185354825,4.226099345398545
VM2_-1678362509,1144.0,8179.647361372536,0.0,14.575022211916396,7.120111885656979
VM2_-1860052419,746.0,2683.7294452514716,0.007924000744539762,9.905834240269671,3.580043595709317
VM2_-116196262,987.0,3599.562449967183,0.0,7.727186738543526,3.5592784986711323
VM2_1237940655,1766.001,11256.623686770003,0.0,10.564469640301136,6.368729263803292
VM2_-88226525,1268.0,5335.385714010598,0.0018472234735777513,10.148207482844255,4.196043094797451
VM2_-449234196,1193.0,5420.527337182866,0.0,6.70452026548064,4.52974718414038
VM2_-771181878,2731.0,11160.021549495528,0.0,7.583427502841464,4.081761348756181
VM2_255841708,686.0,3751.021808316381,0.011617980289672392,23.114175388954937,5.442869468675491
VM2_-2097047809,528.0,3254.913357117317,0.07652741714639884,10.03012497977245,6.11634229808963
VM2_-1850771565,887.0,4143.424451277201,0.006726882608120113,13.18081639573817,4.650439868570759
VM2_-779257225,1476.0,7575.596526676729,0.005075576077325233,16.253022317270368,5.126479276057357
VM2_55318479,841.0,3733.1160855633298,0.0007756129628135893,12.659129889715656,4.428659498496624
VM2_-1341347915,303.0,1082.048375783794,0.0,9.695231776197478,3.5427193273477626
VM2_1010567990,1512.0,7823.4074183788525,0.0007736128180035992,10.949992693065624,5.1511007590445255
VM2_93766986,277.0,1057.4144725143667,0.0,8.38895580249917,3.7860007026640803
VM2_1138875644,1579.0,8970.5906379352,0.0008693394519423991,15.705018268516994,5.668327300994298
VM2_1398808501,494.0,1749.4995872916556,0.0,9.731968651984454,3.489186928366201
VM2_-337812640,616.0,3047.689172184122,0.04867843061662804,38.05779050255316,4.921340160908122
VM2_1452549772,342.0,1415.1092129824774,0.0,6.927048951004582,4.1012413021441
VM2_-234259403,3978.0,18456.201823799383,0.0,9.202121911511187,4.626911979298827
VM2_735660407,296.216,809.5730723622793,0.0,8.829274191006398,2.5124581881236456
VM2_-1962901316,740.0,3224.3622833509735,0.0,6.386040846394375,4.324963985518502
VM2_1077557048,1279.0,7407.228519066679,0.03868968551524808,8.400745771309618,5.773260199656618
VM2_1106902599,912.99,5207.430879920179,0.0,10.871184509062347,5.679595588769975
VM2_-1115214015,14256.0,42154.786550279576,0.0,46.39301910457284,2.945351891714351
VM2_-1672485219,715.0,3115.728920008056,0.0005850589274775445,10.438717099651592,4.341691279552431
VM2_-1706518411,3173.01,5493.213959787791,0.0,10.042732475622554,2.20697958659709
VM2_-1089138940,513.765,2145.5409929232933,0.0,23.090118396621065,4.182163855790321
VM2_1044485609,147.064,701.7023580703842,0.0,16.451050919721375,4.710211743768805
VM2_1098014206,333.0,1646.2379551506428,0.9050444568401272,13.794669040015672,4.917054167137437
VM2_-596600192,1283.0,7428.42764094485,0.01495545944827185,9.195523768388446,5.771612911033441
VM2_-632506353,493.0,2155.0815713368324,0.0,9.405213430243448,4.358383020910211
VM2_-1793709864,190.0,1034.3110436749196,0.06169332732259325,28.193435687366712,5.362490081105996
VM2_-1702085725,461.0,1720.7518774288703,0.005221365095577294,6.377906701713482,3.7107034871619318
VM2_1436360635,1277.0,8015.929990954679,0.0028984674229399154,15.616094149828779,6.249417778673004
VM2_822063138,920.0,3798.3869877927987,0.0,6.934824797982537,4.115295339548922
VM2_-1046974061,2075.0,11969.717077551762,0.0,10.828236714182685,5.7647138805646225
VM2_-1615996123,456.0,1714.9049185811568,0.011893945091160369,5.395636373095539,3.7356988326964475
VM2_1038015154,1786.0,9506.512837595817,0.004596567621629164,17.320988858625917,5.317868584233905
VM2_-433390267,2521.0,11119.069048631263,0.0,7.670322248900845,4.410575723660178
VM2_-2084333989,1829.0,8239.8681089531,0.0,10.598235228505837,4.497898533144783
VM2_868483464,1313.0,7330.157853892026,0.001135599367982983,8.78453879055243,5.574140906162157
VM2_1454558200,199.0,990.6103467885756,0.012926852399026986,8.328246932374961,4.895523021217754
VM2_-1954422734,578.0,2346.8970461263734,0.03795734441595798,7.351020207441846,4.043803018016773
VM2_903425442,1468.0,7337.105638049137,0.00045325672696385996,12.98338047474195,4.9882369873086745
VM2_-1761015247,229.0,1104.5412331143132,0.33444927132138846,7.178511818634392,4.759606287382108
VM2_1496580249,875.0,4335.107838354465,0.007125044042520991,8.406285993281948,4.933517677788564
VM2_-1523979847,288.0,1024.559131543037,0.0,6.759958782211352,3.5247120012702187
VM2_363634869,1374.0,7363.289376801455,0.003645015167248995,8.823307959575153,5.347756212673763
VM2_-1997694151,2353.0,8912.703819123719,0.0,11.592179895178843,3.786385234639186
VM2_1064776818,350.0,1074.3112276622608,0.0,6.630673327622982,3.0792369741062253
VM2_-986436234,933.0,3779.3679168073713,0.003877809421995759,40.05802433105794,4.042514010047085
VM2_1186359459,328.0,973.0285300149512,0.002072158919841105,5.097430896811873,2.9431567257307907
VM2_-672259771,890.0,3376.5753093773073,0.0,7.542579465167683,3.7717092131928456
VM2_414465019,650.0,2950.618535134676,0.20020890795260374,8.849061694236868,4.514194351488779
VM2_-959047147,2231.0,10002.873398490534,0.0009050571554344906,55.81747737532039,4.47487725263118
VM2_-553235185,225.0,978.9955711466773,0.0,7.4826546887641365,4.301400093387551
VM2_689576604,353.0,1364.140787442779,0.02998349677518122,7.048182162302581,3.8325022049724335
VM2_72378924,2086.251,11466.653973088145,0.0,11.362909069768286,5.52267336429346
VM2_1245177038,508.0,2694.2858388942195,0.14767945863854684,18.369169571068774,5.282121350076139
VM2_-149603243,553.0,3130.721930975319,1.6509830865799489,10.152218226946466,5.641105435622154
VM2_-98606265,2281.0,8977.355644716457,0.0012012850140029738,16.893597833385126,3.933163849271758
VM2_-437766852,1348.0,7255.649800544696,0.005202427102133538,8.219544612958451,5.371399734235247
VM2_-943397623,1775.0,6522.370232852879,0.0007418496415548592,7.678132522672011,3.6651765085729027
VM2_-1042959064,1370.0,6118.6265324598535,0.002037320516634879,18.66880921019321,4.448556683445896
VM2_255094180,276.0,855.8202777705585,0.0,9.2507816250828,3.0651029855269187
VM2_-1973495916,454.0,1721.515410145757,0.07068435616275666,6.309031944282272,3.765839737475243
VM2_-2023348536,824.0,4245.39904855072,0.013228620878148212,13.555503816629484,5.14674773888708
VM2_-227725689,875.0,3684.1202002043724,0.013348114952697528,8.826658738110641,4.199323921364365
VM2_-1139104447,928.0,3776.6127101778593,0.0004523025873221932,22.59769195953261,4.054986111742424
VM2_-1441928806,1523.0,7770.539020900094,0.0022989103615826934,11.307105786025026,5.106646048295621
VM2_-661949208,1323.0,8252.848040969884,0.0015008628602124925,16.686050887410335,6.221276175349376
VM2_-1414702402,702.0,3932.6273340790176,0.07083049199279935,20.470990181718495,5.577254156906523
VM2_-2028218362,26331.0,33756.48022866827,0.0,176.15790955394857,0.7690047932265939
VM2_-621987503,1245.0,7122.336390094959,0.0,9.394829833758838,5.049634277741816
VM2_-78332634,899.0,3829.9073217253117,0.0,9.119091156729873,3.147365661967992
VM2_356366460,787.0,3928.7438540001826,0.09225103639922716,16.901039131228195,4.950401291319183
VM2_-1722586135,794.0,2921.872288729579,0.009991848289998646,12.238116381895088,3.6668250073802184
VM2_-794227874,2850.0,12209.021505794888,0.0,8.458909042473257,4.288941670835294
VM2_-1507986874,369.0,1486.845803122539,0.0,5.663612732954079,3.8863116870481824
VM2_352365193,1017.0,5053.094706713021,0.07701354519674315,13.86987404104084,4.947751817809821
VM2_-1939521445,1578.0,8616.828755533998,0.0,15.264643941892325,5.446271950003815
VM2_3381862,6023.0,18022.310208865878,0.0,7.467380459324398,2.9911694868144725
VM2_-2014651438,1548.0,7839.193959709154,0.00022628750633086096,10.257103315401883,5.051915780156511
VM2_852301097,2073.0,12328.225442688918,0.0,10.364793983109456,5.940054965461784
VM2_-1141565021,267.0,1082.6632564877223,0.07242070726760838,14.151981017407982,4.000767238321256
VM2_-1334156364,1051.0,3907.208469100103,0.0,8.312445021332504,3.709475050143679
VM2_-1399596165,281.0,979.3492739096893,0.00022613838217573558,6.234027331237173,3.466624522275558
VM2_-1869376788,298.0,1060.534202615031,0.0,6.148470765120621,3.532999945837131
VM2_342304101,2629.0,11201.288190509216,0.0,8.874803504120464,4.251069739273428
VM2_108087531,377.0,1535.569448442701,0.01047417886465537,16.434822171862788,4.0402146318748455
VM2_-858186982,737.0,3264.5020285134283,0.0033379920079534098,55.340035327312485,4.406572231074844
VM2_-2121430913,324.0,1046.2580122762927,0.0,8.284297075230201,3.1877988669037047
VM2_259378791,863.0,3694.734992855406,0.0,23.525975244013154,4.130515290012638
VM2_509593847,1041.0,3643.9123776855236,0.0,11.566721920743156,3.4868530082191813
